-- MySQL dump 10.13  Distrib 8.0.19, for Win64 (x86_64)
--
-- Host: localhost    Database: baseprueba
-- ------------------------------------------------------
-- Server version	5.5.5-10.6.12-MariaDB-0ubuntu0.22.04.1

/*!40101 SET @OLD_CHARACTER_SET_CLIENT=@@CHARACTER_SET_CLIENT */;
/*!40101 SET @OLD_CHARACTER_SET_RESULTS=@@CHARACTER_SET_RESULTS */;
/*!40101 SET @OLD_COLLATION_CONNECTION=@@COLLATION_CONNECTION */;
/*!50503 SET NAMES utf8mb4 */;
/*!40103 SET @OLD_TIME_ZONE=@@TIME_ZONE */;
/*!40103 SET TIME_ZONE='+00:00' */;
/*!40014 SET @OLD_UNIQUE_CHECKS=@@UNIQUE_CHECKS, UNIQUE_CHECKS=0 */;
/*!40014 SET @OLD_FOREIGN_KEY_CHECKS=@@FOREIGN_KEY_CHECKS, FOREIGN_KEY_CHECKS=0 */;
/*!40101 SET @OLD_SQL_MODE=@@SQL_MODE, SQL_MODE='NO_AUTO_VALUE_ON_ZERO' */;
/*!40111 SET @OLD_SQL_NOTES=@@SQL_NOTES, SQL_NOTES=0 */;

--
-- Table structure for table `categoria`
--

DROP TABLE IF EXISTS `categoria`;
/*!40101 SET @saved_cs_client     = @@character_set_client */;
/*!50503 SET character_set_client = utf8mb4 */;
CREATE TABLE `categoria` (
  `url_categoria` varchar(255) NOT NULL,
  `nombre` varchar(255) DEFAULT NULL,
  `XPATH` varchar(255) DEFAULT NULL,
  `nombre_prensa` varchar(255) DEFAULT NULL,
  PRIMARY KEY (`url_categoria`),
  KEY `FK_nombre_prensa` (`nombre_prensa`),
  CONSTRAINT `categoria_ibfk_1` FOREIGN KEY (`nombre_prensa`) REFERENCES `medios_de_prensa` (`nombre_prensa`)
) ENGINE=InnoDB DEFAULT CHARSET=utf8mb4 COLLATE=utf8mb4_general_ci;
/*!40101 SET character_set_client = @saved_cs_client */;

--
-- Dumping data for table `categoria`
--

LOCK TABLES `categoria` WRITE;
/*!40000 ALTER TABLE `categoria` DISABLE KEYS */;
INSERT INTO `categoria` VALUES ('http://www.concepcionaldia.com/page/2/','Nacional','//article//div//h4//a/@href','CONCEPCIÓN AL DÍA'),('http://www.tnpress.com.py/category/deportes/','Deportes','//div[@id=\'home-mid-wrap\']//ul//li//a/@href','TNPRESS'),('http://www.tnpress.com.py/category/editorial/','Editorial','//div//div[@id=\'home-mid-wrap\']//div//ul//li//a/@href','TNPRESS'),('http://www.tnpress.com.py/category/entretenimiento/','Entretenimiento','//div//div[@id=\'home-mid-wrap\']//div//ul//li//a/@href','TNPRESS'),('http://www.tnpress.com.py/category/internacionales/','Internacional','//div//div[@id=\'home-mid-wrap\']//div//ul//li//a/@href','TNPRESS'),('http://www.tnpress.com.py/category/judiciales/','Judicial','//div//div[@id=\'home-mid-wrap\']//div//ul//li//a/@href','TNPRESS'),('http://www.tnpress.com.py/category/nacionales/','Nacional','//div//div[@id=\'home-mid-wrap\']//div//ul//li//a/@href','TNPRESS'),('http://www.tnpress.com.py/category/policiales/','Policial','//div//div[@id=\'home-mid-wrap\']//div//ul//li//a/@href','TNPRESS'),('http://www.tnpress.com.py/category/politica/','Politica','//div//div[@id=\'home-mid-wrap\']//div//ul//li//a/@href','TNPRESS'),('http://www.tnpress.com.py/category/regionales/','Regional','//div//div[@id=\'home-mid-wrap\']//div//ul//li//a/@href','TNPRESS'),('https://ahoracde.com/category/deportes/page/11/','Deportes','//article//div[@class=\'fea-img-container\']//a/@href','AHORA CDE'),('https://ahoracde.com/category/economia/page/8/','Economia','//article//div[@class=\'fea-img-container\']//a/@href','AHORA CDE'),('https://ahoracde.com/category/especiales/page/5/','Especial','//article//div[@class=\'fea-img-container\']//a/@href','AHORA CDE'),('https://ahoracde.com/category/frontera/page/6/','Frontera','//article//div[@class=\'fea-img-container\']//a/@href','AHORA CDE'),('https://ahoracde.com/category/locales/page/2/','Local','//article//div[@class=\'fea-img-container\']//a/@href','AHORA CDE'),('https://ahoracde.com/category/nacionales/page/5/','Nacional','//article//div[@class=\'fea-img-container\']//a/@href','AHORA CDE'),('https://ahoracde.com/category/policiales/page/3/','Policial','//article//div[@class=\'fea-img-container\']//a/@href','AHORA CDE'),('https://diariolajornada.com.py/category/policiales/','Policial','//article//div[@class=\'zox-art-title\']//a/@href','LA JORNADA'),('https://diariolajornada.com.py/category/politica/','Politica','//article//div[@class=\'zox-art-title\']//a/@href','LA JORNADA'),('https://diariolajornada.com.py/category/regionales/','Regional','//article//div[@class=\'zox-art-title\']//a/@href','LA JORNADA'),('https://digitalmisiones.com.py/category/deportes/page/6/','Deportes','//div//article//h2//a/@href','DIGITAL MISIONES'),('https://digitalmisiones.com.py/category/mundo/page/2/','Internacional','//div//article//h2//a/@href','DIGITAL MISIONES'),('https://digitalmisiones.com.py/category/politica/page/3/','Politica','//div//article//h2//a/@href','DIGITAL MISIONES'),('https://independiente.com.py/actualidad/','Actualidad','//div[@class=\'tdb_module_loop td_module_wrap td-animation-stack\']//div//h3//a/@href','EL INDEPENDIENTE'),('https://independiente.com.py/internacionales/','Internacional','//div[@class=\'tdb_module_loop td_module_wrap td-animation-stack\']//div//h3//a/@href','EL INDEPENDIENTE'),('https://independiente.com.py/opinion/','Opinion','//div[@class=\'tdb_module_loop td_module_wrap td-animation-stack\']//div//h3//a/@href','EL INDEPENDIENTE'),('https://independiente.com.py/politica/','Politica','//div[@class=\'tdb_module_loop td_module_wrap td-animation-stack\']//div//h3//a/@href','EL INDEPENDIENTE'),('https://itapuanoticias.tv/category/economia-2/page/2/','Economia',NULL,'ITAPÚA EN NOTICIAS'),('https://itapuanoticias.tv/category/educacion/page/7/','Educacion',NULL,'ITAPÚA EN NOTICIAS'),('https://itapuanoticias.tv/category/municipales/page/5/','Campo',NULL,'ITAPÚA EN NOTICIAS'),('https://itapuanoticias.tv/category/nacionales/page/4/','Nacional',NULL,'ITAPÚA EN NOTICIAS'),('https://itapuanoticias.tv/category/noticias/page/3/','Local',NULL,'ITAPÚA EN NOTICIAS'),('https://itapuanoticias.tv/category/policiales/page/2/','Policial',NULL,'ITAPÚA EN NOTICIAS'),('https://itapuanoticias.tv/category/salud/page/5/','Salud',NULL,'ITAPÚA EN NOTICIAS'),('https://noticiascde.com.py/internacionales/page/2/','Internacional','//article//h2//a/@href','Noticias CDE'),('https://noticiascde.com.py/judiciales/page/2/','Judicial','//article//h2//a/@href','Noticias CDE'),('https://noticiascde.com.py/locales/page/3/','Local','//article//h2//a/@href','Noticias CDE'),('https://noticiascde.com.py/nacionales/page/8/','Nacional','//article//h2//a/@href','Noticias CDE'),('https://noticiascde.com.py/policiales/page/3/','Policial','//article//h2//a/@href','Noticias CDE'),('https://noticiascde.com.py/politica/page/3/','Politica','//article//h2//a/@href','Noticias CDE'),('https://noticiascde.com.py/salud/page/7/','Salud','//article//h2//a/@href','Noticias CDE'),('https://npy.com.py/secciones/noticias/deportes/page/2/','Deportes','//article//h2//a/@href','Noticias Paraguay'),('https://npy.com.py/secciones/noticias/internacionales/page/2/','Internacional','//article//h2//a/@href','Noticias Paraguay'),('https://npy.com.py/secciones/noticias/nacionales/page/2/','Nacional','//article//h2//a/@href','Noticias Paraguay'),('https://npy.com.py/secciones/noticias/nacionales/politica/page/2/','Politica','//article//h2//a/@href','Noticias Paraguay'),('https://npy.com.py/secciones/noticias/nacionales/sucesos/page/5/','Sucesos','//article//h2//a/@href','Noticias Paraguay'),('https://oviedopress.com/category/deportes/page/7/','Deportes','//article//h3//a/@href','Oviedo Press'),('https://oviedopress.com/category/locales/page/2/','Local','//article//h3//a/@href','Oviedo Press'),('https://oviedopress.com/category/mundo/page/3/','Internacional','//article//h3//a/@href','Oviedo Press'),('https://oviedopress.com/category/ocio-y-cultura/page/4/','Arte','//article//h3//a/@href','Oviedo Press'),('https://oviedopress.com/category/pais/page/4/','Nacional','//article//h3//a/@href','Oviedo Press'),('https://oviedopress.com/category/salud/page/4/','Salud','//article//h3//a/@href','Oviedo Press'),('https://oviedopress.com/category/tecnologia/page/2/','Tecnologia','//article//h3//a/@href','Oviedo Press'),('https://prensa5.com/categorias/deportes/page/3/','Deportes','//article//div//h4//a/@href','Prensa5'),('https://prensa5.com/categorias/destacadas/locales/page/3/','Local','//article//div//h4//a/@href','Prensa5'),('https://prensa5.com/categorias/entretenimiento/page/7/','Entretenimiento','//article//div//h4//a/@href','Prensa5'),('https://prensa5.com/categorias/internacionales/page/10/','Internacional','//article//div//h4//a/@href','Prensa5'),('https://prensa5.com/categorias/nacionales/page/6/','Nacional','//article//div//h4//a/@href','Prensa5'),('https://prensa5.com/categorias/opinion/page/3/','Opinion','//article//div//h4//a/@href','Prensa5'),('https://prensa5.com/categorias/politica/page/2/','Politica','//article//div//h4//a/@href','Prensa5'),('https://prensa5.com/categorias/sociales/page/3/','Social','//article//div//h4//a/@href','Prensa5'),('https://www.5dias.com.py/analisis-macro','Economia','//article//h2//a/@href','5DIAS'),('https://www.5dias.com.py/editorial','Opinion','//article//h2//a/@href','5DIAS'),('https://www.5dias.com.py/empresas','Negocios','//article//h2//a/@href','5DIAS'),('https://www.abc.com.py/deportes/','Deportes','//div[@class=\'article-comments-count\']//a/@href','ABC Color'),('https://www.abc.com.py/economia/','Economia','//div[@class=\'article-comments-count\']//a/@href','ABC Color'),('https://www.abc.com.py/espectaculos/','Espectaculo','//div[@class=\'article-comments-count\']//a/@href','ABC Color'),('https://www.abc.com.py/internacionales/','Internacional','//div[@class=\'article-comments-count\']//a/@href','ABC Color'),('https://www.abc.com.py/nacionales/','Nacional','//div[@class=\'article-comments-count\']//a/@href','ABC Color'),('https://www.abc.com.py/policiales/','Policial','//div[@class=\'article-comments-count\']//a/@href','ABC Color'),('https://www.abc.com.py/politica/','Politica','//div[@class=\'article-comments-count\']//a/@href','ABC Color'),('https://www.adndigital.com.py/seccion/deportes/','Deportes','//article//h2//a/@href','ADN Paraguayo'),('https://www.adndigital.com.py/seccion/judiciales/','Judicial','//article//h2//a/@href','ADN Paraguayo'),('https://www.adndigital.com.py/seccion/mundo/','Internacional','//article//h2//a/@href','ADN Paraguayo'),('https://www.adndigital.com.py/seccion/nacionales/','Nacional','//article//h2//a/@href','ADN Paraguayo'),('https://www.adndigital.com.py/seccion/politica/','Politica','//article//h2//a/@href','ADN Paraguayo'),('https://www.amambaydigital.com/comerciales-11.html','Comercial','//div[@class=\'NotasTitulo\']//a/@href','AMAMBAY DIGITAL'),('https://www.amambaydigital.com/espectaculos-5.html','Espectaculo','//div[@class=\'NotasTitulo\']//a/@href','AMAMBAY DIGITAL'),('https://www.amambaydigital.com/homicidios-16.html','Homicidio','//div[@class=\'NotasTitulo\']//a/@href','AMAMBAY DIGITAL'),('https://www.amambaydigital.com/locales-1.html','Local','//div[@class=\'NotasTitulo\']//a/@href','AMAMBAY DIGITAL'),('https://www.amambaydigital.com/mundo-19.html','Internacional','//div[@class=\'NotasTitulo\']//a/@href','AMAMBAY DIGITAL'),('https://www.amambaydigital.com/nacionales-2.html','Nacional','//div[@class=\'NotasTitulo\']//a/@href','AMAMBAY DIGITAL'),('https://www.amambaydigital.com/narcotrafico-7.html','Narcotrafico','//div[@class=\'NotasTitulo\']//a/@href','AMAMBAY DIGITAL'),('https://www.amambaydigital.com/politica-9.html','Politica','//div[@class=\'NotasTitulo\']//a/@href','AMAMBAY DIGITAL'),('https://www.amambaynews.com/deportes-5.html','Deportes','//div[@class=\'UltimasNoticias_Caja_info_titu\']//a/@href','Amambay News'),('https://www.amambaynews.com/judiciales-7.html','Judicial','//div[@class=\'UltimasNoticias_Caja_info_titu\']//a/@href','Amambay News'),('https://www.amambaynews.com/locales-1.html','Local','//div[@class=\'UltimasNoticias_Caja_info_titu\']//a/@href','Amambay News'),('https://www.amambaynews.com/mundo-3.html','Internacional','//div[@class=\'UltimasNoticias_Caja_info_titu\']//a/@href','Amambay News'),('https://www.amambaynews.com/nacionales-2.html','Nacional','//div[@class=\'UltimasNoticias_Caja_info_titu\']//a/@href','Amambay News'),('https://www.amambaynews.com/policiales-4.html','Policial','//div[@class=\'UltimasNoticias_Caja_info_titu\']//a/@href','Amambay News'),('https://www.amambaynews.com/variedades-6.html','Variedad','//div[@class=\'UltimasNoticias_Caja_info_titu\']//a/@href','Amambay News'),('https://www.cdehot.com.py/noticias/ciudad-del-este?page=6','Local','//div[@class=\'entry-thumbnail\']//a/@href','CDHOT'),('https://www.cdehot.com.py/noticias/deportes?page=4','Deportes','//div[@class=\'entry-thumbnail\']//a/@href','CDHOT'),('https://www.cdehot.com.py/noticias/mundo?page=7','Internacional','//div[@class=\'entry-thumbnail\']//a/@href','CDHOT'),('https://www.cdehot.com.py/noticias/nacionales?page=3','Nacional','//div[@class=\'entry-thumbnail\']//a/@href','CDHOT'),('https://www.cdehot.com.py/noticias/policiales-y-judiciales?page=6','Policial','//div[@class=\'entry-thumbnail\']//a/@href','CDHOT'),('https://www.cdehot.com.py/noticias/politica?page=8','Politica','//div[@class=\'entry-thumbnail\']//a/@href','CDHOT'),('https://www.cronica.com.py/category/actualidad/','Actualidad','//a[@class=\'post-preview\']/@href','Cronica'),('https://www.cronica.com.py/category/deportes/','Deportes','//a[@class=\'post-preview\']/@href','Cronica'),('https://www.cronica.com.py/category/farandula/','Farandula','//a[@class=\'post-preview\']/@href','Cronica'),('https://www.cronica.com.py/category/mundo/','Internacional','//a[@class=\'post-preview\']/@href','Cronica'),('https://www.elciudadano.com/economia/page/3/','Economia','//article//a/@href','El Ciudadano'),('https://www.elciudadano.com/politica/page/2/','Politica','//article//a/@href','El Ciudadano'),('https://www.elciudadano.com/salud/page/2/','Salud','//article//a/@href','El Ciudadano'),('https://www.elpoder.com.py/category/artes-espectaculos/page/9/','Espectaculo','//article//h2//a/@href','EL PODER'),('https://www.elpoder.com.py/category/deportes/page/2/','Deportes','//article//h2//a/@href','EL PODER'),('https://www.elpoder.com.py/category/economia/page/7/','Economia','//article//h2//a/@href','EL PODER'),('https://www.elpoder.com.py/category/mundo/page/5/','Internacional','//article//h2//a/@href','EL PODER'),('https://www.elpoder.com.py/category/nacionales/page/3/','Nacional','//article//h2//a/@href','EL PODER'),('https://www.elpoder.com.py/category/opinion-y-analisis/','Opinion','//article//h2//a/@href','EL PODER'),('https://www.elpoder.com.py/category/politica/page/4/','Politica','//article//h2//a/@href','EL PODER'),('https://www.elpoder.com.py/category/tecnologia/','Tecnologia','//article//h2//a/@href','EL PODER'),('https://www.extra.com.py/actualidad','Actualidad','//div[@class=\'PagePromo-media\']//a/@href','Diario Extra'),('https://www.extra.com.py/deportes','Deportes','//div[@class=\'PagePromo-media\']//a/@href','Diario Extra'),('https://www.extra.com.py/fama','Fama','//div[@class=\'PagePromo-media\']//a/@href','Diario Extra'),('https://www.extra.com.py/mundo','Internacional','//div[@class=\'PagePromo-media\']//a/@href','Diario Extra'),('https://www.extra.com.py/viral','Viral','//div[@class=\'PagePromo-media\']//a/@href','Diario Extra'),('https://www.hoy.com.py/deportes','Deportes','//article//h3//a/@href','HOY'),('https://www.hoy.com.py/espectaculos','Espectaculo','//article//h3//a/@href','HOY'),('https://www.hoy.com.py/nacionales','Nacional','//article//h3//a/@href','HOY'),('https://www.hoy.com.py/negocios','Negocios','//article//h3//a/@href','HOY'),('https://www.hoy.com.py/politica','Politica','//article//h3//a/@href','HOY'),('https://www.laclave.com.py/category/altoparana/','Local','//article//h2//a/@href','La clave'),('https://www.laclave.com.py/category/deportes/page/2/','Deportes','//article//h2//a/@href','La clave'),('https://www.laclave.com.py/category/economia/page/5/','Economia','//article//h2//a/@href','La clave'),('https://www.laclave.com.py/category/entretenimiento/page/2/','Entretenimiento','//article//h2//a/@href','La clave'),('https://www.laclave.com.py/category/internacionales/page/2/','Internacional','//article//h2//a/@href','La clave'),('https://www.laclave.com.py/category/paraguay/page/2/','Nacional','//article//h2//a/@href','La clave'),('https://www.laclave.com.py/category/politica/page/4/','Politica','//article//h2//a/@href','La clave'),('https://www.laclave.com.py/category/sucesos/','Sucesos','//article//h2//a/@href','La clave'),('https://www.lanacion.com.py/category/editorial/','Editorial','//div[@class=\'tc\']//a/@href','La Nacion'),('https://www.lanacion.com.py/category/estilodevida/','Estilo de vida','//div[@class=\'tc\']//a/@href','La Nacion'),('https://www.lanacion.com.py/category/investigacion/','Investigacion','//div[@class=\'tc\']//a/@href','La Nacion'),('https://www.lanacion.com.py/category/mundo/','Mundo','//div[@class=\'tc\']//a/@href','La Nacion'),('https://www.lanacion.com.py/category/negocios/','Negocios','//div[@class=\'tc\']//a/@href','La Nacion'),('https://www.lanacion.com.py/category/pais/','Pais','//div[@class=\'tc\']//a/@href','La Nacion'),('https://www.lanacion.com.py/category/politica/','Politica','//div[@class=\'tc\']//a/@href','La Nacion'),('https://www.laprensaparaguay.com/category/actualidad/page/4/','Actualidad','//article//h2//a/@href','La Prensa PY'),('https://www.laprensaparaguay.com/category/economia/page/2/','Economia','//article//h2//a/@href','La Prensa PY'),('https://www.laprensaparaguay.com/category/noticias/empresariales/page/3/','Empresarial','//article//h2//a/@href','La Prensa PY'),('https://www.latribuna.com.py/categoria/ciencia-y-tecnologia/page/2','Ciencia','//div//h3//a/@href','La Tribuna'),('https://www.latribuna.com.py/categoria/deportes/page/3','Deportes','//div//h3//a/@href','La Tribuna'),('https://www.latribuna.com.py/categoria/economia/page/6','Economia','//div//h3//a/@href','La Tribuna'),('https://www.latribuna.com.py/categoria/editorial/page/2','Editorial','//div//h3//a/@href','La Tribuna'),('https://www.latribuna.com.py/categoria/emprendedores','Emprendedor','//div//h3//a/@href','La Tribuna'),('https://www.latribuna.com.py/categoria/institucional','Institucional','//div//h3//a/@href','La Tribuna'),('https://www.latribuna.com.py/categoria/internacionales/page/2','Internacional','//div//h3//a/@href','La Tribuna'),('https://www.latribuna.com.py/categoria/investigaciones/page/2','Investigacion','//div//h3//a/@href','La Tribuna'),('https://www.latribuna.com.py/categoria/judiciales/page/3','Judicial','//div//h3//a/@href','La Tribuna'),('https://www.latribuna.com.py/categoria/locales/page/3','Local','//div//h3//a/@href','La Tribuna'),('https://www.latribuna.com.py/categoria/opinion/page/7','Opinion','//div//h3//a/@href','La Tribuna'),('https://www.latribuna.com.py/categoria/politica/page/3','Politica','//div//h3//a/@href','La Tribuna'),('https://www.luquenoticias.com.py/category/deportes/page/7/','Deportes','//div//figcaption//h3//a/@href','Luque Noticias'),('https://www.luquenoticias.com.py/category/educacion/page/2/','Educacion','//div//figcaption//h3//a/@href','Luque Noticias'),('https://www.luquenoticias.com.py/category/nacionales/page/4/','Nacional','//div//figcaption//h3//a/@href','Luque Noticias'),('https://www.luquenoticias.com.py/category/policiales/page/4/','Policial','//div//figcaption//h3//a/@href','Luque Noticias'),('https://www.luquenoticias.com.py/category/politica/page/3/','Politica','//div//figcaption//h3//a/@href','Luque Noticias'),('https://www.luquenoticias.com.py/category/turismo/page/3/','Turismo','//div//figcaption//h3//a/@href','Luque Noticias'),('https://www.masencarnacion.com/categoria/deportes','Deportes','//div//label//a/@href','MÁS ENCARNACIÓN'),('https://www.masencarnacion.com/categoria/mundo','Internacional','//div//label//a/@href','MÁS ENCARNACIÓN'),('https://www.masencarnacion.com/categoria/nacionales','Nacional','//div//label//a/@href','MÁS ENCARNACIÓN'),('https://www.masencarnacion.com/categoria/regionales','Regional','//div//label//a/@href','MÁS ENCARNACIÓN'),('https://www.paraguay.com/noticias/deportes/pagina/4','Deportes',NULL,'PARAGUAY.COM'),('https://www.paraguay.com/noticias/espectaculos/pagina/3','Espectaculo',NULL,'PARAGUAY.COM'),('https://www.paraguay.com/noticias/internacionales/pagina/2','Internacional',NULL,'PARAGUAY.COM'),('https://www.paraguay.com/noticias/nacionales/pagina/4','Nacional',NULL,'PARAGUAY.COM'),('https://www.paraguay.com/noticias/tecnologia/pagina/3','Tecnologia',NULL,'PARAGUAY.COM'),('https://www.popular.com.py/categoria/covid-19/','Coronavirus','//div[@class=\'mvp-main-blog-body left relative\']//ul//li//a/@href','Diario Popular'),('https://www.popular.com.py/categoria/deportes/','Deportes','//div[@class=\'mvp-main-blog-body left relative\']//ul//li//a/@href','Diario Popular'),('https://www.popular.com.py/categoria/el-mundo/','Internacional','//div[@class=\'mvp-main-blog-body left relative\']//ul//li//a/@href','Diario Popular'),('https://www.popular.com.py/categoria/farandula/','Farandula','//div[@class=\'mvp-main-blog-body left relative\']//ul//li//a/@href','Diario Popular'),('https://www.popular.com.py/categoria/historias/','Historias','//div[@class=\'mvp-main-blog-body left relative\']//ul//li//a/@href','Diario Popular'),('https://www.popular.com.py/categoria/noticias/','Noticias','//div[@class=\'mvp-main-blog-body left relative\']//ul//li//a/@href','Diario Popular'),('https://www.popular.com.py/categoria/politica/','Politica','//div[@class=\'mvp-main-blog-body left relative\']//ul//li//a/@href','Diario Popular'),('https://www.popular.com.py/categoria/virales/','Virales','//div[@class=\'mvp-main-blog-body left relative\']//ul//li//a/@href','Diario Popular'),('https://www.rdn.com.py/categoria/deportes/page/2/','Deportes','//article//h2//a/@href','RESUMEN DE NOTICIAS'),('https://www.rdn.com.py/categoria/empresariales/page/2/','Empresarial','//article//h2//a/@href','RESUMEN DE NOTICIAS'),('https://www.rdn.com.py/categoria/espectaculos/page/3/','Espectaculo','//article//h2//a/@href','RESUMEN DE NOTICIAS'),('https://www.rdn.com.py/categoria/internacionales/page/5/','Internacional','//article//h2//a/@href','RESUMEN DE NOTICIAS'),('https://www.rdn.com.py/categoria/nacionales/page/2/','Nacional','//article//h2//a/@href','RESUMEN DE NOTICIAS'),('https://www.rdn.com.py/categoria/redes/page/4/','Redes','//article//h2//a/@href','RESUMEN DE NOTICIAS'),('https://www.sanlorenzopy.com/categoria/deportes/page/2/','Deportes','//div//h3//a/@href','San Lorenzo PY'),('https://www.sanlorenzopy.com/categoria/locales/page/2/','Local','//div//h3//a/@href','San Lorenzo PY'),('https://www.sanlorenzopy.com/categoria/nacionales/page/5/','Nacional','//div//h3//a/@href','San Lorenzo PY'),('https://www.sanlorenzopy.com/categoria/salud/page/3/','Salud','//div//h3//a/@href','San Lorenzo PY'),('https://www.sanlorenzopy.com/categoria/tecnologia/page/2/','Tecnologia','//div//h3//a/@href','San Lorenzo PY'),('https://www.ultimahora.com/mundo','Internacional','//div[@class=\'PagePromo-media\']//a/@href','ultimahora'),('https://www.ultimahora.com/nacionales','Nacional','//div[@class=\'PagePromo-media\']//a/@href','ultimahora');
/*!40000 ALTER TABLE `categoria` ENABLE KEYS */;
UNLOCK TABLES;

--
-- Table structure for table `fundadores`
--

DROP TABLE IF EXISTS `fundadores`;
/*!40101 SET @saved_cs_client     = @@character_set_client */;
/*!50503 SET character_set_client = utf8mb4 */;
CREATE TABLE `fundadores` (
  `ID_fundador` varchar(255) NOT NULL,
  `nombre` varchar(255) DEFAULT NULL,
  `apellido` varchar(255) DEFAULT NULL,
  `nombre_prensa` varchar(255) DEFAULT NULL,
  PRIMARY KEY (`ID_fundador`),
  KEY `FK_nombre_prensa` (`nombre_prensa`),
  CONSTRAINT `fundadores_ibfk_1` FOREIGN KEY (`nombre_prensa`) REFERENCES `medios_de_prensa` (`nombre_prensa`)
) ENGINE=InnoDB DEFAULT CHARSET=utf8mb4 COLLATE=utf8mb4_general_ci;
/*!40101 SET character_set_client = @saved_cs_client */;

--
-- Dumping data for table `fundadores`
--

LOCK TABLES `fundadores` WRITE;
/*!40000 ALTER TABLE `fundadores` DISABLE KEYS */;
INSERT INTO `fundadores` VALUES ('01d89e49-11cf-466e-ad8f-a5d1ff73dcac','Aldo','Zuccolillo','ADN Paraguayo'),('0cf2ad5e-1e07-4fbc-87bc-f0dffc9e3f9a','Aldo','Zuccolillo','ABC Color'),('0d207f18-cd8d-40d4-a05a-550452104cf5',NULL,NULL,'AMAMBAY DIGITAL'),('0ff4a60c-6657-4c78-9fff-07faff06d73f',NULL,NULL,'Noticias Paraguay'),('1aa1470a-5315-43d8-ba68-9fab09137afb','Isaac','Kostianovsky','ultimahora'),('200bc901-e051-4334-99d5-4bb1d838dda1','Osvaldo','Dominguez','La Nacion'),('236513a8-a1a5-4509-8445-7f4bbdefda00',NULL,NULL,'HOY'),('2655a8a6-9bcf-4b14-96f0-ac94d2e14e1d',NULL,NULL,'Luque Noticias'),('37aba0d5-bc57-4eac-97e3-435ae49b3dfa',NULL,NULL,'RESUMEN DE NOTICIAS'),('4158ed54-b134-4373-ae6b-c2c7c9574bfe','Juan ','Wasmosy','Diario Popular'),('47a4f813-9236-46fe-87f6-e778819f7137',NULL,NULL,'Oviedo Press'),('52b9cd24-6a14-49da-bfd0-34b0e2908b69',NULL,NULL,'Cronica'),('5428d1ad-dbfb-4c20-a3c3-82e64bb61d2a',NULL,NULL,'Diario Extra'),('54969e7e-6542-49b9-bbf0-c277a84a579b',NULL,NULL,'MÁS ENCARNACIÓN'),('56b1d5a9-c52c-4ea3-a9c7-f63125bb23e5','Eduardo','Schaerer','La Tribuna'),('596cf56f-41cd-4522-9795-b6f6d4924d30',NULL,NULL,'Prensa5'),('634e375c-1ca7-4eef-b986-47ae236acc2e',NULL,NULL,'DIGITAL MISIONES'),('6762002f-b41c-4271-8649-323281458181',NULL,NULL,'LA JORNADA'),('6db226e5-4578-4e7b-b90f-4029efabe3ad',NULL,NULL,'El Ciudadano'),('71e90e24-a1bc-41dc-b5e2-7fe2ffc21eeb',NULL,NULL,'AHORA CDE'),('7a7a59c4-e607-4f32-8d68-5f16527ee164',NULL,NULL,'CDHOT'),('80088983-375e-438a-92ea-ef863b9eea2f',NULL,NULL,'Noticias CDE'),('88ae7edf-0f5c-4e0f-a4d6-a640b837ad5d',NULL,NULL,'CONCEPCIÓN AL DÍA'),('88d61644-8863-482a-8a9d-813aa7c1a6f5',NULL,NULL,'TNPRESS'),('8de816df-605e-4275-b28c-8ef5c86d74a0',NULL,NULL,'Amambay News'),('946c6140-1cae-432a-960a-d9855807d9b4',NULL,NULL,'La clave'),('a3243323-f490-4cfd-b42b-49cf5af3e96f',NULL,NULL,'San Lorenzo PY'),('a85c7445-d800-47b0-ab78-6c4cdae30c6d',NULL,NULL,'EL PODER'),('bd230d7d-e194-4eb8-affd-c1172080e076','José','Espínola','5DIAS'),('d6584799-8bc7-4358-9f4c-464b1ccf6f36',NULL,NULL,'EL INDEPENDIENTE'),('d701c860-67cb-4c1b-ae29-81a8149792fe',NULL,NULL,'PARAGUAY.COM'),('e6ef5279-db60-4942-a8d2-110400272594',NULL,NULL,'La Prensa PY'),('ec811586-9301-4792-a364-8c5a27d486b1',NULL,NULL,'ITAPÚA EN NOTICIAS');
/*!40000 ALTER TABLE `fundadores` ENABLE KEYS */;
UNLOCK TABLES;

--
-- Table structure for table `medios_de_prensa`
--

DROP TABLE IF EXISTS `medios_de_prensa`;
/*!40101 SET @saved_cs_client     = @@character_set_client */;
/*!50503 SET character_set_client = utf8mb4 */;
CREATE TABLE `medios_de_prensa` (
  `nombre_prensa` varchar(255) NOT NULL,
  `año_fundacion` int(11) DEFAULT NULL,
  `cobertura` varchar(255) DEFAULT NULL,
  `url_principal` varchar(255) DEFAULT NULL,
  `ID_ubicacion` varchar(255) DEFAULT NULL,
  PRIMARY KEY (`nombre_prensa`),
  KEY `FK_ID_ubicacion` (`ID_ubicacion`)
) ENGINE=InnoDB DEFAULT CHARSET=utf8mb4 COLLATE=utf8mb4_general_ci;
/*!40101 SET character_set_client = @saved_cs_client */;

--
-- Dumping data for table `medios_de_prensa`
--

LOCK TABLES `medios_de_prensa` WRITE;
/*!40000 ALTER TABLE `medios_de_prensa` DISABLE KEYS */;
INSERT INTO `medios_de_prensa` VALUES ('5DIAS',1976,'Nacional,Internacional','https://www.5dias.com.py/','68bfe579-2325-4bc4-9cfc-2d21377b69c9'),('ABC Color',1967,'Nacional,Internacional','https://www.abc.com.py/','f378b8fa-35f9-4839-890f-6f3dc5c6cca7'),('ADN Paraguayo',NULL,'Nacional,Internacional','https://www.adndigital.com.py/','74b8dc1e-06db-4504-878e-f5bca5de399f'),('AHORA CDE',NULL,'Nacional','https://ahoracde.com/','b2fe2fe9-b971-4791-baf7-09de6998a106'),('AMAMBAY DIGITAL',NULL,'Nacional,Internacional','https://www.amambaydigital.com/index.php','5f7160e7-2eae-4f1b-a950-5a9f1880e318'),('Amambay News',NULL,'Nacional,Internacional','https://www.amambaynews.com/index.php','34e73cb4-bb16-48de-a636-730be568e9ab'),('CDHOT',NULL,'Nacional,Internacional','https://www.cdehot.com.py/','89dc9b19-f945-46b1-adfd-97436bca8c0a'),('CONCEPCIÓN AL DÍA',NULL,'Nacional,Internacional','http://www.concepcionaldia.com/','49fd55c7-966c-4ac8-8bd8-c89f97d810b7'),('Cronica',NULL,'Nacional,Internacional','https://www.cronica.com.py/','1c965483-fed2-4a36-9f6d-a9cced41fca3'),('Diario Extra',NULL,'Nacional,Internacional','https://www.extra.com.py/','c50dd866-fd22-4302-a000-62c9ca214b13'),('Diario Popular',1994,'Nacional,Internacional','https://www.popular.com.py/','13c1bcc7-f010-420c-b1d5-6e39eeb5ee3f'),('DIGITAL MISIONES',NULL,'Nacional,Internacional','https://digitalmisiones.com.py/','a508a1a5-f253-4c6c-bfa1-850eafed4790'),('El Ciudadano',NULL,'Nacional,Internacional','https://www.elciudadano.com/','98dc117a-7267-4dbb-9145-cd21c80b8885'),('EL INDEPENDIENTE',NULL,'Nacional,Internacional','https://independiente.com.py/','26415d56-a304-4c8c-848a-4742bc0e90d3'),('EL PODER',NULL,'Nacional,Internacional','https://www.elpoder.com.py/','6de844f3-28d2-42e9-977d-161d93e44ef2'),('HOY',1977,'Nacional,Internacional','https://www.hoy.com.py/','b106ef83-8874-482e-a700-49333d43dbd3'),('ITAPÚA EN NOTICIAS',NULL,'Nacional,Internacional','https://itapuanoticias.tv/','1447dec3-350b-428f-b70c-d861a39e7844'),('La clave',NULL,'Nacional,Internacional','https://www.laclave.com.py/','c7130fda-e00b-44dc-b569-d2924451150a'),('LA JORNADA',NULL,'Nacional,Internacional','https://diariolajornada.com.py/','fc10427a-3b6f-40ef-903a-c18aa53564eb'),('La Nacion',1995,'Nacional,Internacional','https://www.lanacion.com.py/','a4b6af07-5927-4b37-8ff0-5a9b2daff05c'),('La Prensa PY',NULL,'Nacional','https://www.laprensaparaguay.com/','c40ee228-d006-40fc-9e8c-82793c506efa'),('La Tribuna',1925,'Nacional,Internacional','https://www.latribuna.com.py/','a55c565a-30fc-41dd-ab9a-2ef649fb99a1'),('Luque Noticias',NULL,'Nacional','https://www.luquenoticias.com.py/','6ba2f26a-14e3-4f67-92d6-1b664c0d955c'),('MÁS ENCARNACIÓN',NULL,'Nacional,Internacional','https://www.masencarnacion.com/','01ae00a2-8256-4fb2-b798-6fae86c0c5c9'),('Noticias CDE',NULL,'Nacional,Internacional','https://noticiascde.com.py/','2b5e9dee-6fc3-4112-9213-ae1521833605'),('Noticias Paraguay',NULL,'Nacional,Internacional','https://npy.com.py/','c5acd3d5-c76c-4301-bf38-12f5c4c1043f'),('Oviedo Press',NULL,'Nacional,Internacional','https://oviedopress.com/','9a96b97e-db56-44f7-9e69-74419efb7c51'),('PARAGUAY.COM',NULL,'Nacional,Internacional','https://www.paraguay.com/','15cdcbdf-bd22-4cff-95e0-7e82f3303260'),('Prensa5',NULL,'Nacional,Internacional','https://prensa5.com/','f31dfd45-7f8b-41d9-a334-25dedbd9589b'),('RESUMEN DE NOTICIAS',NULL,'Nacional,Internacional','https://www.rdn.com.py/','95275a69-5af7-4bb9-81e4-909b41337b35'),('San Lorenzo PY',NULL,NULL,'https://www.sanlorenzopy.com/','afada8e8-bd87-4f3f-960f-c2362104bdca'),('TNPRESS',NULL,'Nacional,Internacional','http://www.tnpress.com.py/','52f81043-3915-4c03-949f-161836fef81d'),('ultimahora',1973,'Nacional,Internacional','https://www.ultimahora.com/','d51fa96b-97fc-4d8c-9b8d-d20b5797eefa');
/*!40000 ALTER TABLE `medios_de_prensa` ENABLE KEYS */;
UNLOCK TABLES;

--
-- Table structure for table `noticia`
--

DROP TABLE IF EXISTS `noticia`;
/*!40101 SET @saved_cs_client     = @@character_set_client */;
/*!50503 SET character_set_client = utf8mb4 */;
CREATE TABLE `noticia` (
  `url_noticia` varchar(255) NOT NULL,
  `XPATH_fecha` varchar(255) DEFAULT NULL,
  `XPATH_titulo` varchar(255) DEFAULT NULL,
  `XPATH_contenido` varchar(255) DEFAULT NULL,
  `url_categoria` varchar(255) DEFAULT NULL,
  `nombre_prensa` varchar(255) DEFAULT NULL,
  PRIMARY KEY (`url_noticia`),
  KEY `FK_url_categoria` (`url_categoria`),
  KEY `FK_nombre_medioprensa` (`nombre_prensa`),
  CONSTRAINT `noticia_ibfk_1` FOREIGN KEY (`url_categoria`) REFERENCES `categoria` (`url_categoria`),
  CONSTRAINT `noticia_ibfk_2` FOREIGN KEY (`nombre_prensa`) REFERENCES `medios_de_prensa` (`nombre_prensa`)
) ENGINE=InnoDB DEFAULT CHARSET=utf8mb4 COLLATE=utf8mb4_general_ci;
/*!40101 SET character_set_client = @saved_cs_client */;

--
-- Dumping data for table `noticia`
--

LOCK TABLES `noticia` WRITE;
/*!40000 ALTER TABLE `noticia` DISABLE KEYS */;
INSERT INTO `noticia` VALUES ('http://www.concepcionaldia.com/aleman-buscaba-asilo-en-la-embajada-de-eeuu/',NULL,'//div//h1','//article//p','http://www.concepcionaldia.com/page/2/','CONCEPCIÓN AL DÍA'),('http://www.tnpress.com.py/2023/04/22/el-3-de-febrero-cae-de-visitante-por-minima-diferencia-en-la-intermedia/',NULL,'//div//h1','//div[@id=\'content-main\']//p','http://www.tnpress.com.py/category/deportes/','TNPRESS'),('https://ahoracde.com/detienen-a-chofer-de-colectivo-por-llevar-contrabando/',NULL,'//div//h1','///div//p','https://ahoracde.com/category/economia/page/8/','AHORA CDE'),('https://diariolajornada.com.py/2022/11/25/nuevos-aires-presentara-a-sus-postulantes-para-la-diputacion/',NULL,'//div//h1','//div[@class=\'zox-post-body left zoxrel zox100\']//p','https://diariolajornada.com.py/category/politica/','LA JORNADA'),('https://digitalmisiones.com.py/condenan-por-corrupcion-a-6-anos-de-carcel-a-vicepresidenta-argentina-cristina-kirchner/',NULL,'//div//h1','//div//p','https://digitalmisiones.com.py/category/mundo/page/2/','DIGITAL MISIONES'),('https://independiente.com.py/imputan-por-tenencia-de-drogas-a-aleman-que-intento-ingresar-a-la-embajada-de-eeuu/',NULL,'//div//h1','//div[@class=\'tdb-block-inner td-fix-index\']//p','https://independiente.com.py/actualidad/','EL INDEPENDIENTE'),('https://itapuanoticias.tv/vecinos-los-filmaron-mientras-llevaban-objetos-hurtados-y-uno-termino-preso/',NULL,NULL,NULL,'https://itapuanoticias.tv/category/policiales/page/2/','ITAPÚA EN NOTICIAS'),('https://noticiascde.com.py/paraguayo-que-asesino-a-su-pareja-en-argentina-podria-ganar-la-perpetua-segun-ley-kurepa/',NULL,'//div//h1','//div//p','https://noticiascde.com.py/internacionales/page/2/','Noticias CDE'),('https://npy.com.py/2023/04/enciso-marca-el-gol-de-la-victoria-del-brighton-frente-al-chelsea/',NULL,'//div//h1','//div[@class=\'entry-content\']//p','https://npy.com.py/secciones/noticias/deportes/page/2/','Noticias Paraguay'),('https://oviedopress.com/google-ofrece-9000-becas-en-argentina-para-cursos-de-capacitacion-en-tecnologia/',NULL,'//div//h1','/div[@class=\'entry-content\']//p','https://oviedopress.com/category/tecnologia/page/2/','Oviedo Press'),('https://prensa5.com/aprehenden-a-tres-simpatizantes-de-payo-cubas-en-coronel-oviedo/',NULL,'//div//h1','//article//p','https://prensa5.com/categorias/destacadas/locales/page/3/','Prensa5'),('https://www.5dias.com.py/analisis-macro/casi-10-mil-cheques-rechazados-en-abril-por-firmantes-inhabilitados',NULL,'//div//h1','//article//p','https://www.5dias.com.py/editorial','5DIAS'),('https://www.abc.com.py/internacionales/2023/06/22/rusia-dice-que-ucrania-reagrupa-sus-fuerzas-tras-16-dias-de-contraofensiva/',NULL,'//div//h1','//article//p','https://www.abc.com.py/internacionales/','ABC Color'),('https://www.adndigital.com.py/la-busqueda-del-sumergible-desaparecido-cerca-del-titanic-entra-en-una-fase-critica/',NULL,'//div//h1','//div[@class=\'entry\']//p','https://www.adndigital.com.py/seccion/mundo/','ADN Paraguayo'),('https://www.amambaydigital.com/jugando-de-local-la-miss-usa-fue-electa-miss-universo-2023-r2985.html',NULL,'//div[@class=\'LeerNotaTitulo1\']','//div[@class=\'LeerNota\']//p','https://www.amambaydigital.com/espectaculos-5.html','AMAMBAY DIGITAL'),('https://www.amambaynews.com/preocupan-robos-a-transportadoras-de-encomiendas-en-alto-parana-pt76294.html',NULL,'//div[@class=\'Leer_Titu\']','//div//p','https://www.amambaynews.com/policiales-4.html','Amambay News'),('https://www.cdehot.com.py/noticia/ciudad-del-este/en-dia-mundial-del-agua-lamentan-que-muchos-no-acceden-al-liquido',NULL,'//div//h2','//div[@class=\'entry-content\']//p','https://www.cdehot.com.py/noticias/ciudad-del-este?page=6','CDHOT'),('https://www.cronica.com.py/2023/06/14/un-pez-prehistorico-con-pinta-de-monstruo-fue-atrapado-establecio-record-mundial/',NULL,'//header//h1//span','//div[@class=\'entry-content clearfix\']//p','https://www.cronica.com.py/category/mundo/','Cronica'),('https://www.elciudadano.com/actualidad/la-soledad-y-el-aislamiento-se-relacionan-con-enfermedades-graves/06/22/',NULL,'//div//h1','//div[@class=\'the-content p402_premium-\']//p','https://www.elciudadano.com/salud/page/2/','El Ciudadano'),('https://www.elpoder.com.py/politica/2023/02/18/%f0%9f%97%b3%ef%b8%8f-tsje-no-reporto-renuncias-de-chapas-presidenciales/',NULL,'//div//h1','//div//p','https://www.elpoder.com.py/category/politica/page/4/','EL PODER'),('https://www.extra.com.py/actualidad/guardia-disparo-a-dona-que-sacaba-fotos-y-dijo-que-fue-accidental',NULL,'//div//h1','//div//p','https://www.extra.com.py/actualidad','Diario Extra'),('https://www.hoy.com.py/nacionales/congreso-nacional-exhorta-a-eeuu-a-permitir-cirugia-de-napout',NULL,'//div//h1','//div[@class=\'entry-text\']//p','https://www.hoy.com.py/nacionales','HOY'),('https://www.laclave.com.py/2023/05/05/comercio-registra-un-repunte-del-15-al-20-pero-es-necesario-mas-incentivos/',NULL,'//div//h1','//div[@class=\'entry-inner\']//p','https://www.laclave.com.py/category/economia/page/5/','La clave'),('https://www.lanacion.com.py/tendencias/2023/06/22/captan-misteriosa-luz-verde-en-jupiter/',NULL,'//article//h1','//div[@class=\'pa-c\']//p','https://www.lanacion.com.py/category/investigacion/','La Nacion'),('https://www.laprensaparaguay.com/2023/06/21/entrenadora-de-alta-performance-para-ayudar-a-las-personas-a-disciplinarse-para-alcanzar-la-meta/',NULL,'//article//h1','//div//p','https://www.laprensaparaguay.com/category/actualidad/page/4/','La Prensa PY'),('https://www.latribuna.com.py/ciencia-y-tecnologia/19990-google-apostara-mas-en-paraguay-con-su-sistema-publicitario',NULL,'//article//h1','//div[@class=\'td-post-content tagdiv-type\']//p','https://www.latribuna.com.py/categoria/ciencia-y-tecnologia/page/2','La Tribuna'),('https://www.luquenoticias.com.py/2021/08/28/tres-lugares-para-conocer-la-cultura-maya-en-su-maximo-esplendor/',NULL,'//article//h1','//div[@class=\'entry-content\']//p','https://www.luquenoticias.com.py/category/turismo/page/3/','Luque Noticias'),('https://www.masencarnacion.com/articulo/itapuense-pide-que-partido-inaugural-del-nacional-b-se-juegue-en-encarnacion',NULL,'//section//label','//div[@class=\'post\']//p','https://www.masencarnacion.com/categoria/deportes','MÁS ENCARNACIÓN'),('https://www.paraguay.com/tecnologia/la-era-5g-telefonos-plegables-y-la-bofetada-de-nokia-con-5-camaras-186779',NULL,NULL,NULL,'https://www.paraguay.com/noticias/tecnologia/pagina/3','PARAGUAY.COM'),('https://www.popular.com.py/2023/06/21/orgullo-nacional-patinadora-paraguaya-es-la-mejor-del-mundo/',NULL,'//div//h1','//div[@id=\'mvp-content-main\']//p','https://www.popular.com.py/categoria/deportes/','Diario Popular'),('https://www.rdn.com.py/2023/03/01/nelson-haedo-despide-a-indio-el-peludo-de-la-familia/',NULL,'//div//h1','//div[@class=\'entry-content\']//p//strong','https://www.rdn.com.py/categoria/redes/page/4/','RESUMEN DE NOTICIAS'),('https://www.sanlorenzopy.com/73279/clinicas-traumatologos-realizan-complejo-tratamiento-con-hueso-de-banco-de-tejidos/',NULL,'//div//h1','//div[@class=\'td-post-content tagdiv-type\']//p','https://www.sanlorenzopy.com/categoria/salud/page/3/','San Lorenzo PY'),('https://www.ultimahora.com/fiscalia-imputa-a-abogado-de-tio-rico',NULL,'//div//h1','//div[@class=\'RichTextArticleBody RichTextBody\']//p','https://www.ultimahora.com/mundo','ultimahora');
/*!40000 ALTER TABLE `noticia` ENABLE KEYS */;
UNLOCK TABLES;

--
-- Table structure for table `redes_sociales`
--

DROP TABLE IF EXISTS `redes_sociales`;
/*!40101 SET @saved_cs_client     = @@character_set_client */;
/*!50503 SET character_set_client = utf8mb4 */;
CREATE TABLE `redes_sociales` (
  `ID_cuenta` varchar(255) NOT NULL,
  `numero_seguidores` int(11) DEFAULT NULL,
  `aplicacion` varchar(255) DEFAULT NULL,
  `fec_ultima_actualizacion` date DEFAULT NULL,
  `nombre_prensa` varchar(255) DEFAULT NULL,
  `usuario` varchar(50) DEFAULT NULL,
  PRIMARY KEY (`ID_cuenta`),
  KEY `FK_nombre_prensa` (`nombre_prensa`),
  CONSTRAINT `redes_sociales_ibfk_1` FOREIGN KEY (`nombre_prensa`) REFERENCES `medios_de_prensa` (`nombre_prensa`)
) ENGINE=InnoDB DEFAULT CHARSET=utf8mb4 COLLATE=utf8mb4_general_ci;
/*!40101 SET character_set_client = @saved_cs_client */;

--
-- Dumping data for table `redes_sociales`
--

LOCK TABLES `redes_sociales` WRITE;
/*!40000 ALTER TABLE `redes_sociales` DISABLE KEYS */;
INSERT INTO `redes_sociales` VALUES ('0b4c919c-a053-4cdd-b27f-bc2c024d89bb',8828,'twitter','2023-06-22','Cronica','OndaCronica'),('0e34c3a6-db51-4d92-a3f1-4b3362ebffcd',761,'twitter','2023-06-28','AHORA CDE','cde_ahora'),('0fed020a-b8b2-451a-95f5-f60973f09bdd',265,'twitter','2023-07-03','Luque Noticias','luque_noticias'),('10ab1d33-edf5-47df-b59a-ef7071051f0d',162000,'instagram','2023-06-22','Diario Popular','diario.popularpy'),('1360d5e8-003a-4932-8cca-daf598c98b95',14000,'twitter','2023-07-04','RESUMEN DE NOTICIAS','rdnpy'),('16dbde74-6ae0-439a-b5c8-d1f3d8deb06c',46000,'facebook','2023-06-22','EL INDEPENDIENTE','elindependientepy'),('16f5388d-ba8b-4e8b-948f-eb36495ffbef',2367,'instagram','2023-06-22','Prensa5','prensa5digital'),('170ff3a4-2a4e-49b4-b1c9-1a29bff272c1',3870,'twitter','2023-06-22','CONCEPCIÓN AL DÍA','concepcionaldia'),('18a39de2-cdd5-4736-b318-f87510b63076',2257,'twitter','2023-06-22','TNPRESS','diariotn'),('1aa767c1-8fda-4b2e-b257-e43645e1e821',5477,'instagram','2023-07-07','La Tribuna','latribunapy'),('1b3c5473-f54d-4e28-aea2-82266211b001',219000,'instagram','2023-06-22','La Nacion','lanacionpy'),('1b7ed434-b069-4706-b736-6f49c3110aee',26000,'facebook','2023-06-22','EL PODER','elpoderpy'),('1f46d8c5-1639-4d6c-9a23-6c48e56c4352',68900,'instagram','2023-06-22','5DIAS','5diaspy'),('20597de2-279e-4bc7-98d4-56e637708b2a',31600,'twitter','2023-06-22','ADN Paraguayo','adn_paraguayo'),('206145ef-e5a5-4a9a-9aad-a6a8b4ae67a9',112000,'instagram','2023-07-07','Diario Extra','diarioextrapy'),('20ed4fce-bcfd-411e-b3ba-4901c842e1ea',208000,'facebook','2023-06-22','Diario Popular','diariopopularoficial'),('226dfdbc-fdc5-4b38-9c64-234333f79c51',223000,'facebook','2023-06-22','MÁS ENCARNACIÓN','MasEncarnacion'),('231b09ed-5174-465f-bfab-ebd876f739e7',1300000,'twitter','2023-06-22','ABC Color','ABCDigital'),('2345816b-aa7c-4428-be1b-93cd1867e391',100,'instagram','2023-07-06','El Ciudadano','elciudadanoparaguayo'),('33780bf9-c50e-41ef-89b7-16c26ec92d57',142000,'instagram','2023-06-22','Cronica','ondacronica'),('362767ec-7f56-43f0-9680-a5a999ea07ea',387000,'facebook','2023-07-07','Noticias Paraguay','npyoficial'),('3ccc59a0-e14c-4041-be91-a623777c62d2',198000,'facebook','2023-07-06','Noticias CDE','Cde-Noticias'),('445fafda-1d6e-46e8-b79b-67195750acc3',640000,'facebook','2023-06-22','La Nacion','La Nacion'),('4565f637-16b9-4424-bd11-38ee4fc77bc3',1679,'twitter','2023-06-22','EL INDEPENDIENTE','elindepy'),('476c2817-1e64-40b6-bdd4-5f4a2837bfdd',82372,'twitter','2023-06-22','ITAPÚA EN NOTICIAS','ItapuaNoticias'),('5061dcd9-def8-4d0c-bf17-ac3313390727',136000,'facebook','2023-07-06','Oviedo Press','oviedopress'),('51d82b32-1137-4fc7-bb52-4a00b6816d09',7178,'instagram','2023-07-06','Oviedo Press','oviedopress'),('5a32d826-3626-4dcb-b00e-ea76023a2dc6',7114,'twitter','2023-07-06','Amambay News','amambaynews2'),('5b212e1f-b170-4534-bc23-1c35e46c67c9',83000,'facebook','2023-07-04','San Lorenzo PY','SanLorenzoPY'),('5cb94c92-1cfc-418c-8651-963c040c45ef',1722,'twitter','2023-07-06','Noticias CDE','CdeNoticiasPy'),('629547ec-531f-4202-b10b-fd419f8f98d8',1400000,'facebook','2023-06-22','Cronica','ondacronica'),('632f8659-e804-4da7-9835-e9f8002871c1',170000,'facebook','2023-06-22','Prensa5','prensacinco'),('66100112-611e-45b6-a956-294780d869b6',75000,'facebook','2023-07-06','Amambay News','Amambay News'),('6b850a9b-5472-4c7d-b5d8-8dafc4c5bf36',273300,'twitter','2023-07-07','Noticias Paraguay','npyoficial'),('6c4ac4ce-108e-4726-a79f-1787be538a60',1638,'twitter','2023-06-22','Prensa5','prensacinco'),('6c9b8109-41a0-4e77-a76f-a2c99ca310f9',3720,'twitter','2023-06-22','EL PODER','elpoderpy'),('6e39c4cf-18b2-4581-a9fb-28797a428211',1939,'twitter','2023-06-22','DIGITAL MISIONES','DMisionesPy'),('6fb4c20d-8f8a-4c43-94e1-885c4c3e7360',155000,'facebook','2023-06-22','La clave','diariolaclavepy'),('7013d2de-b011-4246-9ced-b78f0489b78b',2945,'instagram','2023-07-06','Amambay News','amambaynewspjc'),('703d24f4-e930-4af8-9bf5-83a6cb38b08b',973000,'instagram','2023-06-22','ABC Color','abcdigital'),('76582dda-9ad0-4360-a9b5-8625df1ae413',2200000,'facebook','2023-06-22','ABC Color','ABCdigital'),('7b58ce17-60c7-442a-b098-cbddb1722956',67000,'facebook','2023-06-28','AHORA CDE','Ahoracde'),('8111e06e-4603-4e91-aa8f-a85ef3562e1f',70000,'facebook','2023-06-22','ADN Paraguayo','ADN DIGITAL'),('827e2650-bbbf-4ac4-8ea5-3b0b5cddf5aa',737000,'facebook','2023-06-22','CDHOT','cdehot'),('84152775-a5de-4b6c-93a7-eedd95d26b64',6752,'instagram','2023-07-04','San Lorenzo PY','sanlorenzopy'),('84e1b7f7-b38c-4306-bd47-5d3db3d60bf1',643000,'instagram','2023-06-16','ultimahora','ultimahorapy'),('86905632-51f4-4ba5-bff5-4451d26e4306',83600,'instagram','2023-07-07','Noticias Paraguay','npyoficial'),('87780303-4e8c-4f03-8541-8e9337556446',112600,'twitter','2023-07-07','Diario Extra','DiarioExtraPy'),('87cee2dc-010b-4868-8d1f-841f0d1f6813',2100000,'facebook','2023-06-16','ultimahora','UltimaHoracom'),('8ea442dd-0746-4c36-bece-5643af64e06e',228400,'twitter','2023-06-22','5DIAS','5dias'),('90c14b2e-674c-4c55-b7e3-9ba252a4e818',1371,'instagram','2023-06-22','MÁS ENCARNACIÓN','masencarnacion'),('92519ace-9d92-4ba0-a89e-060d32a9b37f',7374,'twitter','2023-07-06','Oviedo Press','oviedopress'),('939a087d-ffd8-448f-9e01-4642954951ca',175000,'facebook','2023-06-22','5DIAS','5dias'),('93a6eb3b-8406-4b78-9e9d-db93acfc3f62',422000,'facebook','2023-06-22','ITAPÚA EN NOTICIAS','itapuaennoticias'),('93d0d944-537e-488e-9a41-9f79a6011314',248000,'facebook','2023-06-22','CONCEPCIÓN AL DÍA','concepcionaldiapy'),('96c9925c-0cf8-45ac-9cf5-2e171f1ceedd',2018,'instagram','2023-06-22','EL PODER','elpoderpy'),('988208c4-f98d-4fac-ab3c-0774e039258a',379,'instagram','2023-06-22','La clave','diariolaclave01'),('a0697292-05f7-4721-8afd-f3512cef69dd',168700,'twitter','2023-07-06','PARAGUAY.COM','paraguaycom'),('a391a615-e679-4dec-8615-7c69eac0a673',19000,'facebook','2023-07-07','La Prensa PY','laprensapy'),('a4bae3fb-f041-4437-99d0-802ed213eb1b',586,'twitter','2023-06-22','La clave','diario_LaClave'),('a6a8ec96-8a4b-4309-8c34-296f45a4529d',60600,'twitter','2023-06-22','Diario Popular','popupy'),('aa51c4c3-0a1e-449c-a2f3-03d5d1e30226',216000,'facebook','2023-06-22','LA JORNADA','diariolajornadacde'),('b5ead45f-33da-4f73-86bb-6d08d4c3b197',1200000,'twitter','2023-06-16','ultimahora','UltimaHoracom'),('b6975e35-d8e4-4548-93e3-de85323d63fd',1800,'facebook','2023-07-07','La Tribuna','La Tribuna Paraguay'),('bbb99def-abf1-4aab-8a5f-faca212c6b40',5757,'twitter','2023-07-07','La Tribuna','TribunaParaguay'),('c6b1e5e6-6ada-4189-af76-220602f23cfb',12800,'instagram','2023-07-04','RESUMEN DE NOTICIAS','rdnpy'),('c85c96ee-6965-4bba-8b49-63060894c94f',3953,'instagram','2023-07-03','Luque Noticias','luquenoticiaspy'),('ccf07124-d26a-4ba2-8f04-beba588a08e8',6415,'twitter','2023-06-22','MÁS ENCARNACIÓN','masencarnacion'),('cd168ca9-b2f1-4efd-90d0-56bd3ff9100b',2780,'instagram','2023-06-22','LA JORNADA','lajornadadiario'),('cd5165c8-af2e-40e0-bc15-d45d9f618ad5',784000,'facebook','2023-07-07','Diario Extra','diarioextrapy'),('d05a8570-545c-4f13-9365-efcbf4ad3710',10400,'instagram','2023-06-28','AMAMBAY DIGITAL','amambayahora'),('d4a1b532-370f-4ac2-a6a4-040da8db5cc1',127000,'facebook','2023-07-04','RESUMEN DE NOTICIAS','rdnpy'),('d6c2e5e5-4a8c-4e5a-8a0c-b6a1abf5d1f8',119000,'facebook','2023-06-22','DIGITAL MISIONES','digitalmisionespy'),('d77c93f6-ba80-4493-bde9-ac51d0a59029',130000,'instagram','2023-06-22','HOY','hoypy'),('d789661f-a5cc-43d1-b8e3-0b81ed81c677',290000,'facebook','2023-07-06','PARAGUAY.COM','Paraguaycom'),('d9ef7edd-0f55-4470-abdf-05506a68f702',20300,'instagram','2023-07-07','La Prensa PY','laprensa_py'),('da3b997c-ef26-411a-a7f9-a511a408fd05',22600,'instagram','2023-06-22','EL INDEPENDIENTE','elindependientepy'),('e6fb4469-33d5-4361-9d6a-dc9675abbf96',69000,'facebook','2023-06-22','TNPRESS','diariotn'),('e70f3300-b7f4-41ff-9b81-76e56bf46ae6',4000,'facebook','2023-06-28','AMAMBAY DIGITAL','AmambayDigital'),('e8a5be8a-c53b-429d-b335-e7c2e262f279',40900,'instagram','2023-06-22','ITAPÚA EN NOTICIAS','itapuaennoticias'),('e9b99b14-9126-4f29-8309-49865e9f5345',392000,'twitter','2023-06-22','HOY','hoypy'),('f4bac6a3-11d5-4f65-8082-b23b608f0ba9',170000,'facebook','2023-07-03','Luque Noticias','luquenoticias'),('f59efe26-fd55-45ba-a164-c96f71b4d0b2',1000000,'facebook','2023-06-22','HOY','hoypy'),('f808f87f-33b3-4626-9c77-03981c576aa3',434800,'twitter','2023-06-22','La Nacion','Diario la nacion');
/*!40000 ALTER TABLE `redes_sociales` ENABLE KEYS */;
UNLOCK TABLES;

--
-- Table structure for table `ubicacion`
--

DROP TABLE IF EXISTS `ubicacion`;
/*!40101 SET @saved_cs_client     = @@character_set_client */;
/*!50503 SET character_set_client = utf8mb4 */;
CREATE TABLE `ubicacion` (
  `ID_ubicacion` varchar(255) NOT NULL,
  `ciudad` varchar(255) DEFAULT NULL,
  `region` varchar(255) DEFAULT NULL,
  `pais` varchar(255) DEFAULT NULL,
  `continente` varchar(255) DEFAULT NULL,
  PRIMARY KEY (`ID_ubicacion`)
) ENGINE=InnoDB DEFAULT CHARSET=utf8mb4 COLLATE=utf8mb4_general_ci;
/*!40101 SET character_set_client = @saved_cs_client */;

--
-- Dumping data for table `ubicacion`
--

LOCK TABLES `ubicacion` WRITE;
/*!40000 ALTER TABLE `ubicacion` DISABLE KEYS */;
INSERT INTO `ubicacion` VALUES ('01ae00a2-8256-4fb2-b798-6fae86c0c5c9','Encarnacion','Itapúa','Paraguay','América'),('13c1bcc7-f010-420c-b1d5-6e39eeb5ee3f','Asunción','Region Oriental','Paraguay','América'),('1447dec3-350b-428f-b70c-d861a39e7844','Encarnación','Itapúa','Paraguay','América'),('15cdcbdf-bd22-4cff-95e0-7e82f3303260','Asunción','DISTRITO CAPITAL','Paraguay','América'),('1c965483-fed2-4a36-9f6d-a9cced41fca3','Fernando de la Mora','Departamento Central','Paraguay','América'),('26415d56-a304-4c8c-848a-4742bc0e90d3','Asunción','DISTRITO CAPITAL','Paraguay','América'),('2b5e9dee-6fc3-4112-9213-ae1521833605','Ciudad del Este','Alto Paraná','Paraguay','América'),('34e73cb4-bb16-48de-a636-730be568e9ab','Pedro Juan Caballero','Amambay','Paraguay','América'),('49fd55c7-966c-4ac8-8bd8-c89f97d810b7','Concepcion','Concepcion','Paraguay','América'),('52f81043-3915-4c03-949f-161836fef81d','Ciudad del Este','Alto Paraná','Paraguay','América'),('5f7160e7-2eae-4f1b-a950-5a9f1880e318','Pedro Juan Caballero','Amambay','Paraguay','América'),('68bfe579-2325-4bc4-9cfc-2d21377b69c9','Asunción','Region Oriental','Paraguay','América'),('6ba2f26a-14e3-4f67-92d6-1b664c0d955c','Luque','Central','Paraguay','América'),('6de844f3-28d2-42e9-977d-161d93e44ef2','Asunción','DISTRITO CAPITAL','Paraguay','América'),('74b8dc1e-06db-4504-878e-f5bca5de399f','Ciudad del Este','Alto Paraná','Paraguay','América'),('89dc9b19-f945-46b1-adfd-97436bca8c0a','Ciudad del Este','Alto Paraná','Paraguay','América'),('95275a69-5af7-4bb9-81e4-909b41337b35','Lambaré','Central','Paraguay','América'),('98dc117a-7267-4dbb-9145-cd21c80b8885','Concepción','Concepción','Paraguay','América'),('9a96b97e-db56-44f7-9e69-74419efb7c51','Coronel Oviedo','Caaguazú','Paraguay','América'),('a4b6af07-5927-4b37-8ff0-5a9b2daff05c','Fernando de la Mora','Departamento Central','Paraguay','América'),('a508a1a5-f253-4c6c-bfa1-850eafed4790','Santa Rosa de Lima','Misiones','Paraguay','América'),('a55c565a-30fc-41dd-ab9a-2ef649fb99a1','Asunción','DISTRITO CAPITAL','Paraguay','América'),('afada8e8-bd87-4f3f-960f-c2362104bdca','San Lorenzo','Central','Paraguay','América'),('b106ef83-8874-482e-a700-49333d43dbd3','Asunción','DISTRITO CAPITAL','Paraguay','América'),('b2fe2fe9-b971-4791-baf7-09de6998a106','Ciudad del Este','Alto Paraná','Paraguay','América'),('c40ee228-d006-40fc-9e8c-82793c506efa','Fernando de la Mora','Central','Paraguay','América'),('c50dd866-fd22-4302-a000-62c9ca214b13','Asunción','DISTRITO CAPITAL','Paraguay','América'),('c5acd3d5-c76c-4301-bf38-12f5c4c1043f','Asunción','DISTRITO CAPITAL','Paraguay','América'),('c7130fda-e00b-44dc-b569-d2924451150a','Ciudad del Este','Alto Paraná','Paraguay','América'),('d51fa96b-97fc-4d8c-9b8d-d20b5797eefa','Asunción','Region oriental','Paraguay','América'),('f31dfd45-7f8b-41d9-a334-25dedbd9589b','Coronel Oviedo','Caaguazú','Paraguay','América'),('f378b8fa-35f9-4839-890f-6f3dc5c6cca7','Asuncion','Region Oriental','Paraguay','América'),('fc10427a-3b6f-40ef-903a-c18aa53564eb','Ciudad del Este','Alto Paraná','Paraguay','América');
/*!40000 ALTER TABLE `ubicacion` ENABLE KEYS */;
UNLOCK TABLES;

--
-- Dumping routines for database 'baseprueba'
--
/*!40103 SET TIME_ZONE=@OLD_TIME_ZONE */;

/*!40101 SET SQL_MODE=@OLD_SQL_MODE */;
/*!40014 SET FOREIGN_KEY_CHECKS=@OLD_FOREIGN_KEY_CHECKS */;
/*!40014 SET UNIQUE_CHECKS=@OLD_UNIQUE_CHECKS */;
/*!40101 SET CHARACTER_SET_CLIENT=@OLD_CHARACTER_SET_CLIENT */;
/*!40101 SET CHARACTER_SET_RESULTS=@OLD_CHARACTER_SET_RESULTS */;
/*!40101 SET COLLATION_CONNECTION=@OLD_COLLATION_CONNECTION */;
/*!40111 SET SQL_NOTES=@OLD_SQL_NOTES */;

-- Dump completed on 2023-07-07 18:19:01
